﻿[
  {
    "Id": "93bcab15-2ebb-4070-a9a7-1f071725d9d3",
    "Name": "John Smith",
    "Email": "jsmith@mymail.com",
    "Phone": "2025550136",
    "Address": "2336 Jack Warren Rd Delta Junction Alaska (AK)"
  },
  {
    "Id": "cf55ff33-c79e-4fc1-860c-b80b2c554fe1",
    "Name": "Shirley Gale",
    "Email": "shirleygale@mymail.com",
    "Phone": "5598719650",
    "Address": "9153 Jerry Dr, Juneau, Alaska 99801, USA"
  },
  {
    "Id": "65ed423c-ce55-4ab7-bb69-1caa5854690b",
    "Name": "Velda Yonker",
    "Email": "veldajyonker@mymail.com",
    "Phone": "907897623",
    "Address": "1105 Aztec Rd, North Pole, Alaska 99705, USA"
  }
]